timestamp,window.window_title,window.process_name,window.pid,activity.idle_seconds,activity.state,activity.is_active,cpu,ram.total,ram.used,ram.available,ram.percent,ram.free
2026-09-28T15:05:44.977451,BurnoutPredictionModel – collector_controller.py,pycharm64.exe,4696,1.906,активен,True,0.0,34287431680,17134526464,17152905216,50.0,17152905216
2026-09-28T15:05:45.985866,BurnoutPredictionModel – collector_controller.py,pycharm64.exe,4696,2.922,активен,True,5.6,34287431680,17103998976,17183432704,49.9,17183432704
2026-09-28T15:05:46.992913,BurnoutPredictionModel – collector_controller.py,pycharm64.exe,4696,3.922,активен,True,11.9,34287431680,17112256512,17175175168,49.9,17175175168
2026-09-28T15:20:46.505482,BurnoutPredictionModel – collect_test.py,pycharm64.exe,4696,0.375,активен,True,0.0,34287431680,16988778496,17298653184,49.5,17298653184
2026-09-28T15:21:46.512057,OTUS - Онлайн-образование — Яндекс Браузер,browser.exe,19724,0.0,активен,True,6.5,34287431680,17112072192,17175359488,49.9,17175359488
2026-09-28T15:22:46.519319,OTUS - Онлайн-образование — Яндекс Браузер,browser.exe,19724,0.0,активен,True,5.6,34287431680,17328304128,16959127552,50.5,16959127552
2026-09-28T15:23:46.526322,Личный кабинет | OTUS — Яндекс Браузер,browser.exe,19724,0.0,активен,True,5.8,34287431680,17430458368,16856973312,50.8,16856973312
2026-09-28T15:24:46.532919,OTUS - Онлайн-образование — Яндекс Браузер,browser.exe,19724,53.36,активен,True,4.4,34287431680,17610633216,16676798464,51.4,16676798464
2026-09-28T15:25:46.539400,OTUS - Онлайн-образование — Яндекс Браузер,browser.exe,19724,113.36,не активен,False,2.5,34287431680,17398005760,16889425920,50.7,16889425920
2026-09-28T15:26:46.546914,OTUS - Онлайн-образование — Яндекс Браузер,browser.exe,19724,173.375,не активен,False,3.0,34287431680,17235709952,17051721728,50.3,17051721728
2026-09-28T15:27:46.553618,OTUS - Онлайн-образование — Яндекс Браузер,browser.exe,19724,233.375,не активен,False,2.9,34287431680,17199824896,17087606784,50.2,17087606784
2026-09-28T15:28:46.560059,Images - Docker Desktop,Docker Desktop.exe,27172,0.0,активен,True,3.9,34287431680,17283166208,17004265472,50.4,17004265472
2026-09-28T15:29:46.567134,127.0.0.1:63342/api/yandex-code-assist/callback?code=eyJraWQiOiJhamVvazNnMzE1dXB1dHNlYjhhdSIsImFsZyI6IlJTMjU2In0.eyJzdWIiOiJhamVsdWczOW83bTBzNHFoODJ1aiIsImRwb3BfY3JlZGVudGlhbF9pZCI6Imp2TnRLclk3dTZmOXZLbXJyT2xiR0w5RWg1VnRyTWZWbG54T3dkMVZjMnhVYjMwTlFxWWJNVFpfX0VCdjdlS0VFLTlVb2Rxa2tVZWxqdlNaY0xlbHpnIiwiaXNzIjoiaHR0cHM6Ly9hdXRoLnlhbmRleC5jbG91ZC9vYXV0aC9hdXRob3JpemUiLCJzZXNzaW9uX2lkIjoiMWIzZTNmMGYtODQwZC00ZThmLWE3ZTQtNDMzNDRiODAxYjEwIiwiYXVkIjoieWMub2F1dGguY29kZS1hc3Npc3QiLCJ3aXRoX2NoYWxsZW5nZSI6dHJ1ZSwic2NvcGUiOlsib3BlbmlkIiwib2ZmbGluZV9hY2Nlc3MiLCJwcm9maWxlIl0sImF1dGhfdGltZSI6MTc5MDU5MzY5MDgxMywicmVkaXJlY3RfdXJpIjoiaHR0cDovLzEyNy4wLjAuMTo2MzM0Mi9hcGkveWFuZGV4LWNvZGUtYXNzaXN0L2NhbGxiYWNrIiwiZHBvcF9rZXlfcHJvdGVjdGlvbl9sZXZlbCI6IklOU0VDVVJFIiwiZXhwIjoxNzkwNTkzNzUwLCJpYXQiOjE3OTA1OTM2OTAsImp0aSI6IjQwNzMwMTJkLWJjNjYtNDIyZC04ZjBmLWM1MmZhNDIzY2Y1MiJ9.fmsxaenuA7QYxIXqq1WoH0LNpCyEucEGD-hEZHArTz8v0lc74tPWekhWaT0jtyxkgnkR_RmljIilg7PAL5FevIGx81aNYlDj7zjtn2AvbgEcZSYHd4QX51mR3w9-aQAzqX2X8mrqC_yyLnKaxkZCnpBVsJekzhhzlS_SWXunOloQRabrqr2566X0WyHuEoh0NKTsPZQBOoB0E4eC6XP2VEjTxTCHuwFz7aOdiyynnkJU65MscWlAleiX0MN_BCn2heKYh0o7a7amwcfqWX2dpHGrII1WGT1_S2bK4ZuMvvAwn1BJ3Soq8KZMDv74hSyqi3quBSajX298K5hcV0WjYg&state=5738fa5a-e141-41ac-987b-48efed195f97 и еще 1 страница — Профиль 1: Microsoft​ Edge,msedge.exe,11400,41.906,активен,True,4.9,34287431680,17351860224,16935571456,50.6,16935571456
